catalogo_id,descripcion,n_organismos,n_items,precio_min,precio_mediana,precio_max,ratio_max_min,ahorro_conservador,gasto
1563916,(1563916) PAPA FRESCA - PATAGONIA INIA SEGUNDA KILO V REGION,3,5,670.0,756.0,1449.0,2.16,3104640,9378620
1471347,(1471347) PECHUGA DESHUESADA POLLO CONGELADO - MARINADO BOLSA 1K UNIDAD NACIONAL RM,3,6,4036.0,4477.0,6919.0,1.71,2210010,42732376
1944438,(1944438) ESTACIÓN DE SERVICIO DIESEL REGIÓN METROPOLITANA DESCUENTO PESOS POR LITRO,3,4,1000000.0,1465145.0,1950000.0,1.95,950000,5880290
1467199,(1467199) HUEVO PRIMERA 54-61 GR  - BLANCO 180 UNIDADES  V REGION,3,5,40300.0,40300.0,48552.0,1.2,272316,3979916
1472172,(1472172) PLATANO - AMARILLO KILO APROX. RM,7,14,1215.0,1576.5,1649.0,1.36,226925,11451370
1473672,(1473672) SANDIA - SANDIA MEDIANA UNIDAD RM,4,4,3511.0,3511.0,4107.0,1.17,214560,6839817
1433182,(1433182) ACEITE VEGETAL BELMONT BOTELLA 1 L UNIDAD VIII REGION,4,5,3961.0,4144.0,4250.0,1.07,179140,10435208
1434502,(1434502) QUESILLO SOPROLE POTE 300 G UNIDAD VIII REGION,4,5,2096.0,2110.0,2282.0,1.09,153200,4365360
1454857,(1454857) ALMIDON DE MAIZ MAIZENA BOLSA 1K UNIDAD VIII REGION,4,5,4280.0,5340.0,7155.0,1.67,139755,6055315
1475472,(1475472) ZANAHORIA FRESCA - GRANEL KILO APROX. RM,5,10,738.0,740.0,830.0,1.12,120100,3869900
1461402,(1461402) BETARRAGA FRESCA - PAQUETE APROX. 1 K UNIDAD RM,6,11,577.0,619.0,733.0,1.27,73610,1257055
1474932,(1474932) UVA - BLANCA SIN PEPA KILO APROX. RM,4,5,1350.0,1495.0,1531.0,1.13,61200,3063370
1465737,(1465737) DURAZNO - PLATANO MEDIANO KILO APROX. RM,5,8,1260.0,1286.0,1423.0,1.13,54695,11994925
1474962,(1474962) UVA - ROSADA SIN PEPA KILO APROX. RM,3,4,1265.0,1266.0,1443.0,1.14,53112,617614
1473867,(1473867) TOMATE FRESCO - LARGA VIDA GRANDE KILO APROX. RM,7,10,1100.0,1438.0,1592.0,1.45,44660,11536430
1469157,(1469157) MELON - CALAMEÑO GRANDE UNIDAD RM,3,4,1269.0,1292.0,1356.0,1.07,36600,971456
1590448,(1590448) CREMA DE LECHE COLUN PARA BATIR CAJA 1 L UNIDAD VIII REGION,3,4,3776.0,3916.0,4283.0,1.13,30420,734452
1564610,(1564610) ARVEJA CONGELADA INTERAGRO BOLSA 1K RM,3,4,2591.0,2663.0,2828.0,1.09,25560,3369395
1433482,(1433482) JUGO DE LIMON TRAVERSO SUCEDANEO BOTELLA 1 L UNIDAD VIII REGION,3,4,1805.0,1945.5,2042.0,1.13,19400,1092000
1436167,(1436167) AZUCAR SACHET IANSA 5 G CAJA 800 UNIDADES VIII REGION,3,4,15873.0,18989.0,20729.0,1.31,17400,860027
1465954,(1465954) ESPINACA FRESCA - PAQUETE APROX. 1 K UNIDAD V REGION,3,5,965.0,965.0,994.0,1.03,14297,933942
1450732,(1450732) ARROZ TUCAPEL GRADO 1 BOLSA 1K UNIDAD VIII REGION,4,5,1157.0,1334.0,1396.0,1.21,12400,7997588
1473829,(1473829) TOMATE FRESCO - LARGA VIDA PEQUEÑO KILO APROX. V REGION,4,5,1387.0,1387.0,1445.0,1.04,11020,1456274
1460472,(1460472) ACEITUNA - AZAPA BOLSA 1K UNIDAD RM,3,4,3753.0,3825.5,4305.0,1.15,10242,188736
1436062,(1436062) AZUCAR IANSA BLANCA GRANULADA BOLSA 1K  UNIDAD VIII REGION,4,5,1265.0,1480.0,1615.0,1.28,9045,444485
1460577,(1460577) ACELGA FRESCA - PAQUETE APROX. 1 K UNIDAD RM,3,5,668.0,777.0,800.0,1.2,8970,1121845
1469367,(1469367) NARANJA - THOMSON GRANDE KILO APROX. RM,8,10,1413.0,1560.0,1579.0,1.12,8632,4951612
1465557,(1465557) DIENTE DE DRAGON - BOLSA 500 GR UNIDAD RM,4,5,776.0,800.0,992.0,1.28,7800,239240
1461679,(1461679) CEBOLLA FRESCA - CHALOTA KILO APROX. V REGION,3,5,833.0,965.0,1004.0,1.21,7410,324085
1468864,(1468864) MANZANA - FUJI PEQUEÑO KILO APROX. V REGION,3,4,1795.0,1803.0,1811.0,1.01,7152,2839634
1475652,(1475652) ZAPALLO FRESCO PROCESADO - CAMOTE CUBO BOLSA 1 K UNIDAD RM,4,4,1421.0,1421.0,1423.0,1.0,7000,7572404
1433287,(1433287) AVENA SELECTA INSTANTANEA CAJA 500 G UNIDAD VIII REGION,3,5,1232.0,1232.0,1294.0,1.05,6944,265664
1440682,(1440682) MERMELADA SIN AZUCAR REGIMEL DAMASCO BOLSA 200 G UNIDAD VIII REGION,3,5,1569.0,1569.0,1590.0,1.01,6720,1183470
1430497,(1430497) CABELLO DE ANGEL PARMA CORTO BOLSA 400 G UNIDAD VIII REGION,3,4,930.0,942.5,990.0,1.06,6475,492700
1461394,(1461394) BETARRAGA FRESCA - PAQUETE APROX. 1 K UNIDAD V REGION,3,4,665.0,675.5,686.0,1.03,5418,443751
1444672,(1444672) LENTEJA BANQUETE 6 MM BOLSA 1K UNIDAD VIII REGION,3,4,2299.0,2299.0,2378.0,1.03,5293,488083
1471969,(1471969) PIMENTON FRESCO - ROJO UNIDAD V REGION,4,5,648.0,648.0,690.0,1.06,5040,481968
1449937,(1449937) SEMOLA CAROZZI BOLSA 500 G UNIDAD VIII REGION,3,5,1773.0,1968.0,2007.0,1.13,4680,746796
1466457,(1466457) FRUTILLA  - BOLSA KILO APROX. RM,3,6,2875.0,2875.0,2979.0,1.04,4576,729076
1440667,(1440667) MERMELADA SIN AZUCAR REGIMEL DURAZNO BOLSA 200 G UNIDAD VIII REGION,4,6,1185.0,1579.5,1590.0,1.34,3948,5822040
1460569,(1460569) ACELGA FRESCA - PAQUETE APROX. 1 K UNIDAD V REGION,4,6,610.0,610.0,658.0,1.08,3840,1072560
1475629,(1475629) ZAPALLO FRESCO - ITALIANO 100 UNIDADES V REGION,4,6,385.0,385.0,386.0,1.0,2800,3495520
1461514,(1461514) BROCOLI FRESCO - ENTERO APROX. 1 K UNIDAD V REGION,3,4,859.0,872.0,885.0,1.03,2444,200740
1474909,(1474909) UVA - BLANCA CON PEPA KILO APROX. V REGION,3,4,1537.0,1537.0,1593.0,1.04,2240,358824
1461019,(1461019) APIO FRESCO - PAQUETE UNIDAD V REGION,4,6,981.0,1008.0,1184.0,1.21,1760,358115
1440952,(1440952) SAL LOBOS FINA BOLSA 1K UNIDAD VIII REGION,3,4,524.0,524.0,544.0,1.04,1340,197840
1462774,(1462774) COLIFLOR FRESCA - ENTERA APROX. 1 K KILO APROX. V REGION,3,4,867.0,882.5,893.0,1.03,1281,130671
1475622,(1475622) ZAPALLO FRESCO - ITALIANO UNIDAD RM,3,7,238.0,238.0,243.0,1.02,1250,1309774
1475599,(1475599) ZAPALLO FRESCO - CAMOTE 100 KILO APROX. V REGION,4,6,965.0,965.0,966.0,1.0,1190,3077610
1469329,(1469329) NARANJA - THOMSON PEQUEÑA KILO APROX. V REGION,4,5,1591.0,1591.0,1612.0,1.01,1050,1203846
1460809,(1460809) AJO FRESCO - CHINO UNIDAD V REGION,3,4,185.0,187.5,190.0,1.03,752,81240
1462669,(1462669) CILANTRO FRESCO - PAQUETE APROX. 500 GR UNIDAD V REGION,4,6,690.0,700.5,711.0,1.03,735,67020
1483837,(1483837) SALCHICHA PF SUREÑAS DISPLAY 1K UNIDAD VIII REGION,3,4,3763.0,4102.0,4103.0,1.09,60,490266
1472164,(1472164) PLATANO - AMARILLO KILO APROX. V REGION,4,6,1419.0,1478.0,1478.0,1.04,0,1492828
1465609,(1465609) DURAZNO - PELADO GRANDE KILO APROX. V REGION,4,5,1609.0,1667.0,1667.0,1.04,0,2617011
1469179,(1469179) MELON - TUNA MEDIANO UNIDAD V REGION,4,5,1241.0,1241.0,1241.0,1.0,0,533630
1471774,(1471774) PERA  - PAKAM GRANDE KILO APROX. V REGION,4,5,1414.0,1442.0,1442.0,1.02,0,3555874
1475464,(1475464) ZANAHORIA FRESCA - GRANEL KILO APROX. V REGION,4,6,785.0,785.0,785.0,1.0,0,3190240
1471624,(1471624) PEPINO FRESCO - ENSALADA UNIDAD V REGION,4,6,337.0,337.0,337.0,1.0,0,213321
1473529,(1473529) REPOLLO FRESCO - BLANCO UNIDAD V REGION,3,4,1237.0,1320.0,1320.0,1.07,0,165324
1461522,(1461522) BROCOLI FRESCO - ENTERO APROX. 1 K UNIDAD RM,3,4,870.0,1073.0,1073.0,1.23,0,2147334
1461642,(1461642) CEBOLLA FRESCA - MORADA KILO APROX. RM,3,5,1194.0,1492.0,1492.0,1.25,0,1105580
1469202,(1469202) MELON - TUNA GRANDE UNIDAD RM,3,5,1107.0,1269.0,1269.0,1.15,0,4409046
1563978,(1563978) PAPA FRESCA - PATAGONIA INIA PRIMERA KILO APROX RM,4,7,790.0,1230.0,1230.0,1.56,0,5716534
1471992,(1471992) PIMENTON FRESCO - VERDE UNIDAD RM,6,11,398.0,428.0,428.0,1.08,0,2955462
1473687,(1473687) SANDIA - SANDIA GRANDE UNIDAD RM,3,7,2900.0,3506.0,3506.0,1.21,0,1571896
1460607,(1460607) ACELGA FRESCA PROCESADA - PICADA CHIFFONADE BOLSA 1 K UNIDAD RM,4,4,1490.0,1534.0,1534.0,1.03,0,7496300
1462332,(1462332) CHAMPIÑON FRESCO - ENTERO PARIS KILO APROX. RM,3,4,6456.0,6652.0,6652.0,1.03,0,1085820
1466727,(1466727) HABA CONGELADA - BOLSA 1K UNIDAD RM,3,4,2357.0,2576.0,2576.0,1.09,0,1437920
1482912,(1482912) CHOCLO CONGELADO INTERAGRO BOLSA 1K UNIDAD RM,3,4,2155.0,2355.0,2355.0,1.09,0,6303400
1474587,(1474587) TRUTRO CORTO POLLO CONGELADO - MARINADA BOLSA 1K UNIDAD NACIONAL RM,3,6,3607.0,4001.0,4001.0,1.11,0,17923590
1461657,(1461657) CEBOLLA FRESCA - BLANCA KILO APROX. RM,4,5,675.0,712.0,712.0,1.05,0,1179680
1848392,(1848392) CEBOLLIN  - ATADO 1 K RM,3,4,1390.0,1776.0,1776.0,1.28,0,452500
1563194,(1563194) ZAPALLO FRESCO - CAMOTE PRIMERA DE GUARDA RM,3,5,740.0,910.0,910.0,1.23,0,3477200
